{
  "version": 1,
  "author": "Anonymous maker",
  "editor": "wokwi",
  "parts": [
    { "type": "board-esp32-devkit-c-v4", "id": "esp", "top": -76.8, "left": 43.24, "attrs": {} },
    {
      "type": "wokwi-lcd1602",
      "id": "lcd1",
      "top": -118.4,
      "left": 188,
      "attrs": { "pins": "i2c" }
    },
    {
      "type": "wokwi-led",
      "id": "led1",
      "top": -70.8,
      "left": -92.2,
      "attrs": { "color": "red" }
    },
    {
      "type": "wokwi-pir-motion-sensor",
      "id": "pir1",
      "top": -53.6,
      "left": -189.78,
      "attrs": {}
    },
    { "type": "wokwi-dht22", "id": "dht1", "top": 57.9, "left": 234.6, "attrs": {} },
    { "type": "wokwi-gnd", "id": "gnd1", "top": 201.6, "left": -96.6, "attrs": {} },
    {
      "type": "wokwi-resistor",
      "id": "r1",
      "top": -34.45,
      "left": -48,
      "attrs": { "value": "1000" }
    }
  ],
  "connections": [
    [ "esp:TX", "$serialMonitor:RX", "", [] ],
    [ "esp:RX", "$serialMonitor:TX", "", [] ],
    [ "lcd1:SDA", "esp:21", "green", [ "v-4.49", "h-28.8", "v23.89" ] ],
    [ "lcd1:GND", "esp:GND.2", "black", [ "h-16.67", "v162.78" ] ],
    [ "lcd1:VCC", "esp:3V3", "red", [ "h-9.6", "v-57.5", "h-134.55" ] ],
    [ "lcd1:SCL", "esp:22", "purple", [ "h-19.2", "v-18.9" ] ],
    [ "pir1:VCC", "esp:3V3", "red", [ "v0", "h-48", "v-115.2", "h0" ] ],
    [ "gnd1:GND", "pir1:GND", "black", [ "v-38.4" ] ],
    [ "dht1:VCC", "esp:5V", "red", [ "v9.6", "h-182.4" ] ],
    [ "dht1:GND", "gnd1:GND", "black", [ "v0" ] ],
    [ "dht1:SDA", "esp:15", "green", [ "v19.2", "h-86.3", "v-96" ] ],
    [ "pir1:OUT", "esp:12", "green", [ "v57.6", "h182.26", "v-28.8" ] ],
    [ "esp:32", "r1:2", "green", [ "h0" ] ],
    [ "r1:1", "led1:A", "green", [ "v0" ] ],
    [ "esp:GND.1", "led1:C", "black", [ "h0" ] ]
  ],
  "dependencies": {}
}